<component name="ProjectRunConfigurationManager">
  <configuration default="false" name="Step 5 - Sharing VMs" type="AndroidRunConfigurationType" factoryName="Android App" activateToolWindowBeforeRun="false">
    <module name="app" />
    <option name="DEPLOY" value="true" />
    <option name="ARTIFACT_NAME" value="" />
    <option name="PM_INSTALL_OPTIONS" value="" />
    <option name="ACTIVITY_EXTRA_FLAGS" value="" />
    <option name="MODE" value="specific_activity" />
    <option name="CLEAR_LOGCAT" value="false" />
    <option name="SHOW_LOGCAT_AUTOMATICALLY" value="false" />
    <option name="SKIP_NOOP_APK_INSTALLATIONS" value="true" />
    <option name="FORCE_STOP_RUNNING_APP" value="true" />
    <option name="TARGET_SELECTION_MODE" value="SHOW_DIALOG" />
    <option name="USE_LAST_SELECTED_DEVICE" value="false" />
    <option name="PREFERRED_AVD" value="" />
    <option name="SELECTED_CLOUD_MATRIX_CONFIGURATION_ID" value="-1" />
    <option name="SELECTED_CLOUD_MATRIX_PROJECT_ID" value="" />
    <option name="DEBUGGER_TYPE" value="Auto" />
    <Auto>
      <option name="USE_JAVA_AWARE_DEBUGGER" value="false" />
      <option name="SHOW_STATIC_VARS" value="true" />
      <option name="WORKING_DIR" value="" />
      <option name="TARGET_LOGGING_CHANNELS" value="lldb process:gdb-remote packets" />
      <option name="SHOW_OPTIMIZED_WARNING" value="true" />
    </Auto>
    <Hybrid>
      <option name="USE_JAVA_AWARE_DEBUGGER" value="false" />
      <option name="SHOW_STATIC_VARS" value="true" />
      <option name="WORKING_DIR" value="" />
      <option name="TARGET_LOGGING_CHANNELS" value="lldb process:gdb-remote packets" />
      <option name="SHOW_OPTIMIZED_WARNING" value="true" />
    </Hybrid>
    <Java />
    <Native>
      <option name="USE_JAVA_AWARE_DEBUGGER" value="false" />
      <option name="SHOW_STATIC_VARS" value="true" />
      <option name="WORKING_DIR" value="" />
      <option name="TARGET_LOGGING_CHANNELS" value="lldb process:gdb-remote packets" />
      <option name="SHOW_OPTIMIZED_WARNING" value="true" />
    </Native>
    <Profilers>
      <option name="ADVANCED_PROFILING_ENABLED" value="false" />
    </Profilers>
    <option name="DEEP_LINK" value="" />
    <option name="ACTIVITY_CLASS" value="com.example.android.lifecycles.step5.Activity_step5" />
    <method>
      <option name="Android.Gradle.BeforeRunTask" enabled="true" />
      <option name="com.android.instantApps.provision.BeforeRunTask" enabled="true" clearCache="false" clearProvisionedDevices="false" myTimestamp="1510587765145" />
    </method>
  </configuration>
</component>